{
  "roc_train": 0.7250813348130271,
  "accuracy_train": 0.870626286386357,
  "ks_train": 30.71,
  "roc_valid": 0.6900969123700327,
  "accuracy_valid": 0.8720400728597449,
  "ks_valid": 25.87,
  "roc_test": 0.7009133775005937,
  "accuracy_test": 0.8622920517560074,
  "ks_test": 29.71
}