{
  "roc_train": 0.9457204306187338,
  "accuracy_train": 0.9209056159952955,
  "ks_train": 72.58,
  "roc_valid": 0.6969225908959983,
  "accuracy_valid": 0.8642987249544627,
  "ks_valid": 27.44,
  "roc_test": 0.7247135242452358,
  "accuracy_test": 0.8585951940850277,
  "ks_test": 33.75
}