{
  "roc_train": 0.6645026906482073,
  "accuracy_train": 0.870626286386357,
  "ks_train": 25.08,
  "roc_valid": 0.657585274523104,
  "accuracy_valid": 0.8715846994535519,
  "ks_valid": 24.12,
  "roc_test": 0.6623038908910415,
  "accuracy_test": 0.8622920517560074,
  "ks_test": 23.24
}